{
    "detection": {
        "_imageDims": {
            "_width": 640,
            "_height": 480
        },
        "_score": 0.9571357254155874,
        "_classScore": 0.9571357254155874,
        "_className": "",
        "_box": {
            "_x": 230.39041435965515,
            "_y": 109.92713367169372,
            "_width": 228.85297433669407,
            "_height": 236.27063250918766
        }
    },
    "landmarks": {
        "_imgDims": {
            "_width": 228.85297433669407,
            "_height": 236.27063250918766
        },
        "_shift": {
            "_x": 230.39041435965515,
            "_y": 109.92713367169372
        },
        "_positions": [
            {
                "_x": 265.1970038151654,
                "_y": 200.68601843928687
            },
            {
                "_x": 264.9785173092281,
                "_y": 222.99426577046955
            },
            {
                "_x": 267.43806173918114,
                "_y": 244.98240339976545
            },
            {
                "_x": 269.77002469977884,
                "_y": 265.939142936332
            },
            {
                "_x": 275.3840117520688,
                "_y": 288.5234911346465
            },
            {
                "_x": 285.79996179164425,
                "_y": 302.9769641832261
            },
            {
                "_x": 296.48112114565794,
                "_y": 310.23354925959995
            },
            {
                "_x": 311.33693496426804,
                "_y": 314.6132380802717
            },
            {
                "_x": 339.0287363743333,
                "_y": 319.52859539616645
            },
            {
                "_x": 367.2126533269978,
                "_y": 317.47948771867
            },
            {
                "_x": 387.9381559442679,
                "_y": 314.3000078394338
            },
            {
                "_x": 403.579442204863,
                "_y": 308.5307101353686
            },
            {
                "_x": 419.2734224904897,
                "_y": 293.9213542733804
            },
            {
                "_x": 428.52333137170274,
                "_y": 273.15246556778845
            },
            {
                "_x": 433.1894602659871,
                "_y": 252.89440325037708
            },
            {
                "_x": 438.5532154927036,
                "_y": 230.5200300044451
            },
            {
                "_x": 442.2444981035554,
                "_y": 208.1106116432211
            },
            {
                "_x": 281.4248401861291,
                "_y": 161.4639964750259
            },
            {
                "_x": 289.36562037362535,
                "_y": 149.93457250805838
            },
            {
                "_x": 302.04589937182794,
                "_y": 144.75124363698765
            },
            {
                "_x": 314.36625485346815,
                "_y": 143.14842075097363
            },
            {
                "_x": 325.28399169211383,
                "_y": 146.120766888199
            },
            {
                "_x": 370.1925324981739,
                "_y": 147.13029082970178
            },
            {
                "_x": 381.8221160992531,
                "_y": 145.5737652378499
            },
            {
                "_x": 394.9329842616173,
                "_y": 146.7516845846588
            },
            {
                "_x": 408.2917175880632,
                "_y": 154.25214197829686
            },
            {
                "_x": 419.4423216408753,
                "_y": 165.73543764502773
            },
            {
                "_x": 345.12983283223394,
                "_y": 170.22290586236755
            },
            {
                "_x": 343.62704370701874,
                "_y": 182.523635708663
            },
            {
                "_x": 340.9453979855646,
                "_y": 193.01757404232916
            },
            {
                "_x": 339.91755076134507,
                "_y": 204.27453403226895
            },
            {
                "_x": 327.9054546441041,
                "_y": 223.53337047551025
            },
            {
                "_x": 333.590380157998,
                "_y": 223.9229718878284
            },
            {
                "_x": 340.8731841184881,
                "_y": 225.55419279473307
            },
            {
                "_x": 350.12535735594116,
                "_y": 224.6604261714628
            },
            {
                "_x": 357.318316844293,
                "_y": 224.6562435718077
            },
            {
                "_x": 296.66068050328204,
                "_y": 178.3127929437653
            },
            {
                "_x": 304.0088575196777,
                "_y": 173.31188949452056
            },
            {
                "_x": 313.6664460089974,
                "_y": 172.58693371995653
            },
            {
                "_x": 324.0097524994388,
                "_y": 177.75407086054423
            },
            {
                "_x": 315.11469279429843,
                "_y": 180.9860726435303
            },
            {
                "_x": 304.45713185170194,
                "_y": 180.58626118154902
            },
            {
                "_x": 370.3373830940344,
                "_y": 178.20769280495705
            },
            {
                "_x": 381.7642522488302,
                "_y": 174.21173285769376
            },
            {
                "_x": 391.3881618492546,
                "_y": 175.08776920161796
            },
            {
                "_x": 400.086195280112,
                "_y": 181.40013592655862
            },
            {
                "_x": 391.0873844089376,
                "_y": 183.54755582019078
            },
            {
                "_x": 379.4587556568753,
                "_y": 181.5573918156116
            },
            {
                "_x": 311.6668148385494,
                "_y": 261.745699504343
            },
            {
                "_x": 322.2201608313037,
                "_y": 251.09926527719094
            },
            {
                "_x": 334.45237692833575,
                "_y": 244.95288579411863
            },
            {
                "_x": 341.0082065898249,
                "_y": 247.1698607709042
            },
            {
                "_x": 347.5479743267801,
                "_y": 245.86236885245654
            },
            {
                "_x": 361.1417778404813,
                "_y": 252.58990436235456
            },
            {
                "_x": 372.27162074752647,
                "_y": 263.09022925812036
            },
            {
                "_x": 359.79129395380846,
                "_y": 264.6164556474202
            },
            {
                "_x": 349.1920333640426,
                "_y": 266.0489044909175
            },
            {
                "_x": 339.1616718185332,
                "_y": 265.9944884469197
            },
            {
                "_x": 329.55666822864305,
                "_y": 265.47559259879847
            },
            {
                "_x": 320.65808240249044,
                "_y": 264.43618137743704
            },
            {
                "_x": 313.808357033956,
                "_y": 261.13082918938824
            },
            {
                "_x": 332.26181005626256,
                "_y": 255.2412359760506
            },
            {
                "_x": 340.76576360408916,
                "_y": 254.47883396417035
            },
            {
                "_x": 350.0137218651678,
                "_y": 255.04271036211787
            },
            {
                "_x": 371.028189076346,
                "_y": 261.51719155146844
            },
            {
                "_x": 348.3536213644217,
                "_y": 255.7813123961627
            },
            {
                "_x": 339.6482014943837,
                "_y": 255.06856643271308
            },
            {
                "_x": 331.1352314436977,
                "_y": 255.00437690669298
            }
        ]
    },
    "unshiftedLandmarks": {
        "_imgDims": {
            "_width": 228.85297433669407,
            "_height": 236.27063250918766
        },
        "_shift": {
            "_x": 0,
            "_y": 0
        },
        "_positions": [
            {
                "_x": 34.80658945551021,
                "_y": 90.75888476759314
            },
            {
                "_x": 34.58810294957297,
                "_y": 113.06713209877582
            },
            {
                "_x": 37.04764737952598,
                "_y": 135.05526972807172
            },
            {
                "_x": 39.379610340123705,
                "_y": 156.01200926463827
            },
            {
                "_x": 44.993597392413626,
                "_y": 178.59635746295282
            },
            {
                "_x": 55.40954743198911,
                "_y": 193.04983051153235
            },
            {
                "_x": 66.09070678600277,
                "_y": 200.30641558790626
            },
            {
                "_x": 80.94652060461289,
                "_y": 204.686104408578
            },
            {
                "_x": 108.63832201467812,
                "_y": 209.60146172447276
            },
            {
                "_x": 136.82223896734263,
                "_y": 207.55235404697626
            },
            {
                "_x": 157.54774158461277,
                "_y": 204.3728741677401
            },
            {
                "_x": 173.18902784520787,
                "_y": 198.60357646367487
            },
            {
                "_x": 188.8830081308345,
                "_y": 183.99422060168672
            },
            {
                "_x": 198.13291701204756,
                "_y": 163.22533189609473
            },
            {
                "_x": 202.79904590633194,
                "_y": 142.96726957868336
            },
            {
                "_x": 208.16280113304845,
                "_y": 120.59289633275137
            },
            {
                "_x": 211.85408374390022,
                "_y": 98.18347797152735
            },
            {
                "_x": 51.034425826473935,
                "_y": 51.536862803332184
            },
            {
                "_x": 58.975206013970194,
                "_y": 40.00743883636465
            },
            {
                "_x": 71.6554850121728,
                "_y": 34.82410996529393
            },
            {
                "_x": 83.97584049381297,
                "_y": 33.2212870792799
            },
            {
                "_x": 94.89357733245866,
                "_y": 36.19363321650529
            },
            {
                "_x": 139.80211813851872,
                "_y": 37.20315715800804
            },
            {
                "_x": 151.4317017395979,
                "_y": 35.64663156615617
            },
            {
                "_x": 164.54256990196217,
                "_y": 36.82455091296505
            },
            {
                "_x": 177.901303228408,
                "_y": 44.325008306603145
            },
            {
                "_x": 189.05190728122017,
                "_y": 55.80830397333399
            },
            {
                "_x": 114.7394184725788,
                "_y": 60.295772190673844
            },
            {
                "_x": 113.2366293473636,
                "_y": 72.59650203696927
            },
            {
                "_x": 110.55498362590946,
                "_y": 83.09044037063545
            },
            {
                "_x": 109.52713640168993,
                "_y": 94.34740036057524
            },
            {
                "_x": 97.51504028444896,
                "_y": 113.60623680381653
            },
            {
                "_x": 103.19996579834287,
                "_y": 113.99583821613467
            },
            {
                "_x": 110.48276975883292,
                "_y": 115.62705912303934
            },
            {
                "_x": 119.73494299628601,
                "_y": 114.73329249976909
            },
            {
                "_x": 126.92790248463784,
                "_y": 114.72910990011398
            },
            {
                "_x": 66.27026614362688,
                "_y": 68.38565927207156
            },
            {
                "_x": 73.61844316002254,
                "_y": 63.38475582282684
            },
            {
                "_x": 83.27603164934226,
                "_y": 62.65980004826281
            },
            {
                "_x": 93.61933813978361,
                "_y": 67.82693718885052
            },
            {
                "_x": 84.7242784346433,
                "_y": 71.05893897183658
            },
            {
                "_x": 74.0667174920468,
                "_y": 70.6591275098553
            },
            {
                "_x": 139.94696873437928,
                "_y": 68.28055913326331
            },
            {
                "_x": 151.37383788917506,
                "_y": 64.28459918600004
            },
            {
                "_x": 160.99774748959942,
                "_y": 65.16063552992424
            },
            {
                "_x": 169.69578092045685,
                "_y": 71.4730022548649
            },
            {
                "_x": 160.6969700492825,
                "_y": 73.62042214849704
            },
            {
                "_x": 149.06834129722017,
                "_y": 71.63025814391787
            },
            {
                "_x": 81.27640047889426,
                "_y": 151.81856583264928
            },
            {
                "_x": 91.82974647164852,
                "_y": 141.1721316054972
            },
            {
                "_x": 104.06196256868061,
                "_y": 135.0257521224249
            },
            {
                "_x": 110.61779223016974,
                "_y": 137.24272709921047
            },
            {
                "_x": 117.15755996712493,
                "_y": 135.93523518076282
            },
            {
                "_x": 130.75136348082617,
                "_y": 142.66277069066084
            },
            {
                "_x": 141.88120638787132,
                "_y": 153.16309558642664
            },
            {
                "_x": 129.4008795941533,
                "_y": 154.68932197572647
            },
            {
                "_x": 118.80161900438739,
                "_y": 156.12177081922377
            },
            {
                "_x": 108.77125745887805,
                "_y": 156.06735477522602
            },
            {
                "_x": 99.1662538689879,
                "_y": 155.54845892710478
            },
            {
                "_x": 90.26766804283525,
                "_y": 154.50904770574328
            },
            {
                "_x": 83.41794267430086,
                "_y": 151.20369551769454
            },
            {
                "_x": 101.8713956966074,
                "_y": 145.31410230435688
            },
            {
                "_x": 110.375349244434,
                "_y": 144.55170029247662
            },
            {
                "_x": 119.6233075055126,
                "_y": 145.11557669042415
            },
            {
                "_x": 140.63777471669084,
                "_y": 151.59005787977472
            },
            {
                "_x": 117.96320700476656,
                "_y": 145.85417872446897
            },
            {
                "_x": 109.25778713472857,
                "_y": 145.14143276101936
            },
            {
                "_x": 100.74481708404257,
                "_y": 145.07724323499926
            }
        ]
    },
    "alignedRect": {
        "_imageDims": {
            "_width": 640,
            "_height": 480
        },
        "_score": 0.9571357254155874,
        "_classScore": 0.9571357254155874,
        "_className": "",
        "_box": {
            "_x": 247.25191922979536,
            "_y": 125.51040328645436,
            "_width": 212.71917695319274,
            "_height": 211.65620957423138
        }
    }
}